size_bytes,t_waking_s,pid,waker_cpu,target_cpu,waking_to_ipi,ipi_to_idle_exit,idle_exit_to_wakeup,wakeup_to_switch,switch_to_user,waking_to_running_ns,waking_to_user_ns
4,594626.833103567,1204566,1,0,760,2813,2821,1275,1516,7669,9185
4,594626.833115127,1204568,0,1,901,3018,3027,1240,989,8186,9175
4,594626.833125855,1204566,1,0,618,2854,2865,1043,688,7380,8068
4,594626.833134822,1204568,0,1,194,761,667,416,465,2038,2503
4,594626.833137972,1204566,1,0,178,871,1192,1282,1691,3523,5214
4,594626.833148009,1204568,0,1,673,1149,1033,972,958,3827,4785
4,594626.833156311,1204566,1,0,1485,1608,775,469,534,4337,4871
4,594626.833161865,1204568,0,1,245,1228,824,440,501,2737,3238
4,594626.833165737,1204566,1,0,212,729,640,420,501,2001,2502
4,594626.833168921,1204568,0,1,177,946,634,379,383,2136,2519
4,594626.833172063,1204566,1,0,177,734,712,401,450,2024,2474
4,594626.833175278,1204568,0,1,193,770,644,385,482,1992,2474
4,594626.833178477,1204566,1,0,200,778,714,467,533,2159,2692
4,594626.833181887,1204568,0,1,203,777,697,403,461,2080,2541
4,594626.833185087,1204566,1,0,189,772,742,415,471,2118,2589
4,594626.833188407,1204568,0,1,207,781,691,400,453,2079,2532
4,594626.833191702,1204566,1,0,274,760,719,407,473,2160,2633
4,594626.833195214,1204568,0,1,203,776,689,412,451,2080,2531
4,594626.833198404,1204566,1,0,233,770,723,416,466,2142,2608
4,594626.833201756,1204568,0,1,195,775,697,443,467,2110,2577
4,594626.833204980,1204566,1,0,295,785,708,443,444,2231,2675
4,594626.833208355,1204568,0,1,197,783,726,436,427,2142,2569
4,594626.833211582,1204566,1,0,222,786,701,432,475,2141,2616
4,594626.833214895,1204568,0,1,,,552,343,514,1221,1735
4,594626.833217304,1204566,1,0,201,795,690,432,482,2118,2600
4,594626.833220668,1204568,0,1,217,779,754,500,455,2250,2705
4,594626.833224050,1204566,1,0,,,520,276,456,1128,1584
4,594626.833226289,1204568,0,1,176,766,703,420,494,2065,2559
4,594626.833229508,1204566,1,0,224,375,705,485,442,1789,2231
16,594626.833239453,1204568,0,1,204,780,711,402,541,2097,2638
16,594626.833242744,1204566,1,0,194,773,688,409,457,2064,2521
16,594626.833245959,1204568,0,1,346,784,947,478,458,2555,3013
16,594626.833249630,1204566,1,0,199,774,696,468,465,2137,2602
16,594626.833252965,1204568,0,1,223,767,710,417,478,2117,2595
16,594626.833256228,1204566,1,0,195,784,686,416,474,2081,2555
16,594626.833259434,1204568,0,1,192,779,705,397,566,2073,2639
16,594626.833262749,1204566,1,0,193,781,708,433,464,2115,2579
16,594626.833266021,1204568,0,1,198,783,690,420,456,2091,2547
16,594626.833269226,1204566,1,0,198,770,696,418,606,2082,2688
16,594626.833272616,1204568,0,1,204,767,699,423,476,2093,2569
16,594626.833275864,1204566,1,0,210,771,695,446,510,2122,2632
16,594626.833279194,1204568,0,1,201,781,703,403,408,2088,2496
16,594626.833282332,1204566,1,0,215,785,679,454,531,2133,2664
16,594626.833285723,1204568,0,1,190,776,703,407,463,2076,2539
16,594626.833288919,1204566,1,0,211,776,699,407,467,2093,2560
16,594626.833292220,1204568,0,1,197,784,708,395,473,2084,2557
16,594626.833295647,1204566,1,0,197,770,698,436,547,2101,2648
16,594626.833299034,1204568,0,1,199,773,702,403,410,2077,2487
16,594626.833302181,1204566,1,0,189,776,734,451,458,2150,2608
16,594626.833305495,1204568,0,1,199,775,699,404,487,2077,2564
16,594626.833308709,1204566,1,0,194,773,690,420,488,2077,2565
16,594626.833311948,1204568,0,1,200,779,694,402,517,2075,2592
16,594626.833315210,1204566,1,0,203,783,692,406,485,2084,2569
16,594626.833318505,1204568,0,1,208,810,716,574,439,2308,2747
16,594626.833321889,1204566,1,0,190,772,688,432,443,2082,2525
16,594626.833325129,1204568,0,1,196,774,693,419,457,2082,2539
16,594626.833328338,1204566,1,0,203,772,689,420,471,2084,2555
16,594626.833331565,1204568,0,1,207,775,693,401,447,2076,2523
16,594626.833334730,1204566,1,0,191,790,691,430,439,2102,2541
64,594626.833339550,1204568,0,1,187,772,700,400,436,2059,2495
64,594626.833342705,1204566,1,0,195,774,692,407,498,2068,2566
64,594626.833345995,1204568,0,1,226,793,780,473,556,2272,2828
64,594626.833349424,1204566,1,0,187,765,684,405,430,2041,2471
64,594626.833352609,1204568,0,1,200,753,655,397,502,2005,2507
64,594626.833355724,1204566,1,0,183,797,688,407,415,2075,2490
64,594626.833358878,1204568,0,1,183,748,634,380,426,1945,2371
64,594626.833361875,1204566,1,0,187,756,688,405,488,2036,2524
64,594626.833365098,1204568,0,1,318,771,648,390,416,2127,2543
64,594626.833368334,1204566,1,0,206,764,682,428,481,2080,2561
64,594626.833371646,1204568,0,1,201,745,628,381,431,1955,2386
64,594626.833374662,1204566,1,0,179,754,710,430,473,2073,2546
64,594626.833377900,1204568,0,1,244,751,632,390,482,2017,2499
64,594626.833381078,1204566,1,0,177,751,684,417,429,2029,2458
64,594626.833384187,1204568,0,1,183,749,630,360,424,1922,2346
64,594626.833387144,1204566,1,0,176,763,923,375,441,2237,2678
64,594626.833390460,1204568,0,1,182,728,619,365,425,1894,2319
64,594626.833393377,1204566,1,0,177,738,625,394,424,1934,2358
64,594626.833396347,1204568,0,1,187,720,641,358,406,1906,2312
64,594626.833399248,1204566,1,0,174,747,629,375,391,1925,2316
64,594626.833402183,1204568,0,1,180,730,622,367,437,1899,2336
64,594626.833405113,1204566,1,0,220,754,626,351,420,1951,2371
64,594626.833408095,1204568,0,1,235,899,622,363,436,2119,2555
64,594626.833411276,1204566,1,0,295,723,625,387,396,2030,2426
64,594626.833414309,1204568,0,1,177,733,627,364,419,1901,2320
64,594626.833417211,1204566,1,0,172,766,627,379,397,1944,2341
64,594626.833420172,1204568,0,1,169,737,625,356,406,1887,2293
64,594626.833423077,1204566,1,0,184,739,628,393,405,1944,2349
64,594626.833426041,1204568,0,1,179,740,625,365,399,1909,2308
64,594626.833428956,1204566,1,0,167,728,624,382,500,1901,2401
256,594626.833433530,1204568,0,1,160,731,835,365,421,2091,2512
256,594626.833436656,1204566,1,0,180,748,622,376,459,1926,2385
256,594626.833439723,1204568,0,1,165,723,631,369,414,1888,2302
256,594626.833442628,1204566,1,0,171,723,633,375,429,1902,2331
256,594626.833445613,1204568,0,1,196,734,630,365,426,1925,2351
256,594626.833448555,1204566,1,0,181,781,612,352,432,1926,2358
256,594626.833451731,1204568,0,1,194,733,636,373,509,1936,2445
256,594626.833454767,1204566,1,0,196,901,642,370,407,2109,2516
256,594626.833457965,1204568,0,1,193,754,668,359,529,1974,2503
256,594626.833461065,1204566,1,0,175,731,633,369,439,1908,2347
256,594626.833464059,1204568,0,1,179,732,627,351,524,1889,2413
256,594626.833467067,1204566,1,0,188,714,630,359,467,1891,2358
256,594626.833470085,1204568,0,1,182,749,622,359,487,1912,2399
256,594626.833473083,1204566,1,0,180,729,619,367,417,1895,2312
256,594626.833476020,1204568,0,1,190,732,645,391,529,1958,2487
256,594626.833479190,1204566,1,0,193,771,615,408,454,1987,2441
256,594626.833482266,1204568,0,1,195,737,627,367,480,1926,2406
256,594626.833485295,1204566,1,0,218,739,637,365,487,1959,2446
256,594626.833488430,1204568,0,1,186,734,625,361,439,1906,2345
256,594626.833491388,1204566,1,0,179,734,655,356,430,1924,2354
256,594626.833494585,1204568,0,1,170,722,622,372,462,1886,2348
256,594626.833497535,1204566,1,0,190,755,630,360,450,1935,2385
256,594626.833500577,1204568,0,1,172,739,623,360,424,1894,2318
256,594626.833503478,1204566,1,0,192,735,630,376,423,1933,2356
256,594626.833506464,1204568,0,1,172,736,624,356,454,1888,2342
256,594626.833509416,1204566,1,0,175,731,622,398,445,1926,2371
256,594626.833512420,1204568,0,1,166,735,633,371,420,1905,2325
256,594626.833515343,1204566,1,0,177,737,850,379,397,2143,2540
256,594626.833518521,1204568,0,1,158,729,620,360,453,1867,2320
256,594626.833521552,1204566,1,0,177,736,615,366,460,1894,2354
1024,594626.833526864,1204568,0,1,169,734,630,360,545,1893,2438
1024,594626.833529959,1204566,1,0,183,736,623,358,514,1900,2414
1024,594626.833533145,1204568,0,1,175,748,660,355,509,1938,2447
1024,594626.833536236,1204566,1,0,166,740,630,402,574,1938,2512
1024,594626.833539475,1204568,0,1,163,739,622,381,524,1905,2429
1024,594626.833542577,1204566,1,0,179,735,618,368,487,1900,2387
1024,594626.833545692,1204568,0,1,168,726,727,364,541,1985,2526
1024,594626.833548885,1204566,1,0,187,735,649,354,532,1925,2457
1024,594626.833552025,1204568,0,1,175,726,620,369,490,1890,2380
1024,594626.833555068,1204566,1,0,178,733,629,371,493,1911,2404
1024,594626.833558203,1204568,0,1,176,736,678,363,523,1953,2476
1024,594626.833561349,1204566,1,0,182,729,693,373,541,1977,2518
1024,594626.833564538,1204568,0,1,184,733,625,354,497,1896,2393
1024,594626.833567730,1204566,1,0,180,741,621,371,494,1913,2407
1024,594626.833570824,1204568,0,1,201,728,635,357,537,1921,2458
1024,594626.833573942,1204566,1,0,195,734,639,376,517,1944,2461
1024,594626.833577176,1204568,0,1,181,726,627,357,500,1891,2391
1024,594626.833580261,1204566,1,0,188,730,611,376,504,1905,2409
1024,594626.833583548,1204568,0,1,172,733,622,362,493,1889,2382
1024,594626.833586612,1204566,1,0,183,746,612,366,492,1907,2399
1024,594626.833589697,1204568,0,1,173,761,645,361,502,1940,2442
1024,594626.833592808,1204566,1,0,187,734,618,352,497,1891,2388
1024,594626.833595871,1204568,0,1,174,716,625,382,499,1897,2396
1024,594626.833598924,1204566,1,0,179,734,618,397,491,1928,2419
1024,594626.833602053,1204568,0,1,180,734,619,359,512,1892,2404
1024,594626.833605125,1204566,1,0,183,739,614,376,557,1912,2469
1024,594626.833608284,1204568,0,1,175,737,626,357,564,1895,2459
1024,594626.833611414,1204566,1,0,197,728,628,417,496,1970,2466
1024,594626.833614573,1204568,0,1,184,735,638,350,494,1907,2401
1024,594626.833617615,1204566,1,0,187,733,618,377,540,1915,2455
4096,594626.833623443,1204568,0,1,201,732,660,402,2969,1995,4964
4096,594626.833629145,1204566,1,0,194,727,668,388,2519,1977,4496
4096,594626.833634475,1204568,0,1,853,,,1197,919,2228,3147
4096,594626.833638349,1204566,1,0,190,754,757,403,913,2104,3017
4096,594626.833642145,1204568,0,1,535,,,1233,916,1961,2877
4096,594626.833645717,1204566,1,0,218,752,661,405,815,2036,2851
4096,594626.833649355,1204568,0,1,198,749,773,488,891,2208,3099
4096,594626.833653250,1204566,1,0,185,737,623,362,871,1907,2778
4096,594626.833656953,1204568,0,1,227,728,628,397,877,1980,2857
4096,594626.833660568,1204566,1,0,182,721,617,376,922,1896,2818
4096,594626.833664216,1204568,0,1,168,738,631,358,906,1895,2801
4096,594626.833667983,1204566,1,0,205,739,620,380,830,1944,2774
4096,594626.833671526,1204568,0,1,165,729,622,637,840,2153,2993
4096,594626.833675261,1204566,1,0,309,736,688,355,823,2088,2911
4096,594626.833678937,1204568,0,1,170,732,622,355,813,1879,2692
4096,594626.833682400,1204566,1,0,213,736,659,379,847,1987,2834
4096,594626.833686013,1204568,0,1,180,737,620,386,966,1923,2889
4096,594626.833689659,1204566,1,0,173,733,623,375,822,1904,2726
4096,594626.833693115,1204568,0,1,187,736,621,351,1064,1895,2959
4096,594626.833696818,1204566,1,0,176,734,622,375,1059,1907,2966
4096,594626.833700528,1204568,0,1,183,739,626,353,775,1901,2676
4096,594626.833703913,1204566,1,0,185,740,608,365,1004,1898,2902
4096,594626.833707581,1204568,0,1,358,712,649,375,781,2094,2875
4096,594626.833711197,1204566,1,0,181,727,630,374,818,1912,2730
4096,594626.833714659,1204568,0,1,190,725,654,450,779,2019,2798
4096,594626.833718379,1204566,1,0,176,737,626,390,1063,1929,2992
4096,594626.833722162,1204568,0,1,191,717,661,357,799,1926,2725
4096,594626.833725628,1204566,1,0,182,731,620,375,804,1908,2712
4096,594626.833729104,1204568,0,1,182,719,635,353,833,1889,2722
4096,594626.833732582,1204566,1,0,176,734,861,454,934,2225,3159
16384,594626.833741500,1204568,0,1,197,729,650,401,7753,1977,9730
16384,594626.833753046,1204566,1,0,214,736,626,359,6284,1935,8219
16384,594626.833762862,1204568,0,1,180,729,765,361,2516,2035,4551
16384,594626.833768859,1204566,1,0,198,731,651,374,2522,1954,4476
16384,594626.833775225,1204568,0,1,,,,520,2676,1656,4332
16384,594626.833780875,1204566,1,0,184,728,679,393,2437,1984,4421
16384,594626.833786998,1204568,0,1,718,,,1561,2931,2457,5388
16384,594626.833793921,1204566,1,0,222,941,647,368,2591,2178,4769
16384,594626.833800335,1204568,0,1,166,738,721,494,2504,2119,4623
16384,594626.833806425,1204566,1,0,201,736,630,376,2541,1943,4484
16384,594626.833812855,1204568,0,1,176,742,635,454,2475,2007,4482
16384,594626.833818760,1204566,1,0,178,736,620,364,2420,1898,4318
16384,594626.833824599,1204568,0,1,166,728,631,359,2454,1884,4338
16384,594626.833830749,1204566,1,0,391,776,647,393,2482,2207,4689
16384,594626.833836964,1204568,0,1,173,733,670,457,2546,2033,4579
16384,594626.833843029,1204566,1,0,190,723,618,363,2425,1894,4319
16384,594626.833848852,1204568,0,1,169,736,631,361,2432,1897,4329
16384,594626.833854635,1204566,1,0,185,732,619,352,2338,1888,4226
16384,594626.833860412,1204568,0,1,166,731,619,363,2510,1879,4389
16384,594626.833866230,1204566,1,0,311,723,701,359,3714,2094,5808
16384,594626.833873557,1204568,0,1,206,743,799,396,2382,2144,4526
16384,594626.833879421,1204566,1,0,194,738,643,373,2486,1948,4434
16384,594626.833885505,1204568,0,1,172,722,663,373,2408,1930,4338
16384,594626.833891391,1204566,1,0,212,728,629,392,2322,1961,4283
16384,594626.833897200,1204568,0,1,171,727,639,357,2525,1894,4419
16384,594626.833903145,1204566,1,0,178,726,634,398,2407,1936,4343
16384,594626.833909079,1204568,0,1,173,737,623,355,2419,1888,4307
16384,594626.833914770,1204566,1,0,176,721,627,355,2352,1879,4231
16384,594626.833921061,1204568,0,1,170,742,619,367,2455,1898,4353
16384,594626.833926867,1204566,1,0,178,749,635,391,2464,1953,4417
65536,594626.833943743,1204568,0,1,,,1329,454,25335,2681,28016
65536,594626.833976620,1204566,1,0,203,730,649,508,22937,2090,25027
65536,594626.834007650,1204568,0,1,177,723,693,403,8999,1996,10995
65536,594626.834023673,1204566,1,0,258,735,729,448,8894,2170,11064
65536,594626.834040672,1204568,0,1,177,719,744,378,9049,2018,11067
65536,594626.834056607,1204566,1,0,176,729,689,386,8920,1980,10900
65536,594626.834073355,1204568,0,1,365,739,659,369,8883,2132,11015
65536,594626.834088963,1204566,1,0,175,733,669,392,8911,1969,10880
65536,594626.834105519,1204568,0,1,192,734,720,380,8922,2026,10948
65536,594626.834121216,1204566,1,0,183,847,657,411,8997,2098,11095
65536,594626.834138110,1204568,0,1,239,753,787,367,8967,2146,11113
65536,594626.834153848,1204566,1,0,192,731,636,377,8827,1936,10763
65536,594626.834169302,1204568,0,1,180,730,677,388,8833,1975,10808
65536,594626.834184804,1204566,1,0,188,726,627,407,8753,1948,10701
65536,594626.834200224,1204568,0,1,229,730,626,416,8817,2001,10818
65536,594626.834215878,1204566,1,0,177,728,652,389,8931,1946,10877
65536,594626.834231412,1204568,0,1,178,732,640,378,9022,1928,10950
65536,594626.834247233,1204566,1,0,175,737,721,424,8870,2057,10927
65536,594626.834262863,1204568,0,1,174,720,957,384,8811,2235,11046
65536,594626.834278585,1204566,1,0,188,721,682,504,8854,2095,10949
65536,594626.834294474,1204568,0,1,173,739,636,420,8860,1968,10828
65536,594626.834310261,1204566,1,0,203,811,732,453,8802,2199,11001
65536,594626.834326250,1204568,0,1,168,731,649,394,8893,1942,10835
65536,594626.834341612,1204566,1,0,180,723,672,383,8805,1958,10763
65536,594626.834357019,1204568,0,1,173,724,645,378,9004,1920,10924
65536,594626.834372510,1204566,1,0,173,822,641,371,9021,2007,11028
65536,594626.834388424,1204568,0,1,181,737,625,380,8948,1923,10871
65536,594626.834403888,1204566,1,0,191,755,669,432,9058,2047,11105
65536,594626.834420029,1204568,0,1,215,726,668,398,8862,2007,10869
65536,594626.834435597,1204566,1,0,190,737,639,468,8809,2034,10843
262144,594626.834452683,1204568,0,1,,,1470,480,9265,2463,11728
262144,594626.834463928,1204566,1,0,243,816,876,393,100316,2328,102644
262144,594626.834476726,1204568,0,1,230,723,719,365,32390,2037,34427
262144,594626.834510353,1204566,1,0,477,743,662,487,53850,2369,56219
262144,594626.834522825,1204568,0,1,232,726,696,417,29697,2071,31768
262144,594626.834554052,1204566,1,0,283,809,667,459,10302,2218,12520
262144,594626.834566198,1204568,0,1,179,756,716,403,30505,2054,32559
262144,594626.834604094,1204566,1,0,188,957,739,388,9746,2272,12018
262144,594626.834615611,1204568,0,1,197,836,776,334,81208,2143,83351
262144,594626.834622622,1204566,1,0,226,732,722,381,29909,2061,31970
262144,594626.834654186,1204568,0,1,195,820,732,416,42613,2163,44776
262144,594626.834661495,1204566,1,0,175,739,633,379,28397,1926,30323
262144,594626.834691315,1204568,0,1,247,,,463,5555,2092,7647
262144,594626.834698539,1204566,1,0,224,727,654,392,29086,1997,31083
262144,594626.834739322,1204568,0,1,826,,,1609,9762,2721,12483
262144,594626.834751353,1204566,1,0,203,743,1101,428,40582,2475,43057
262144,594626.834758922,1204568,0,1,471,,,980,9395,1611,11006
262144,594626.834769530,1204566,1,0,184,738,639,377,22942,1938,24880
262144,594626.834776253,1204568,0,1,507,,,1102,9391,1782,11173
262144,594626.834786980,1204566,1,0,200,742,637,380,5471,1959,7430
262144,594626.834793630,1204568,0,1,431,,,1022,9073,1620,10693
262144,594626.834809462,1204566,1,0,209,728,715,459,9876,2111,11987
262144,594626.834820570,1204568,0,1,540,,,1140,40904,1850,42754
262144,594626.834827172,1204566,1,0,188,732,631,393,9502,1944,11446
262144,594626.834838121,1204568,0,1,220,736,795,453,22999,2204,25203
262144,594626.834845411,1204566,1,0,212,722,639,416,9193,1989,11182
262144,594626.834856227,1204568,0,1,167,730,675,399,5126,1971,7097
262144,594626.834862942,1204566,1,0,171,739,628,532,12051,2070,14121
262144,594626.834886285,1204568,0,1,848,,,1288,13050,2368,15418
262144,594626.834900667,1204566,1,0,597,,,1388,47938,2180,50118
262144,594626.834909648,1204568,0,1,518,,,867,10986,1576,12562
262144,594626.834921326,1204566,1,0,508,,,791,27978,1481,29459
262144,594626.834930102,1204568,0,1,480,,,922,10922,1614,12536
262144,594626.834941766,1204566,1,0,499,,,958,7378,1641,9019
262144,594626.834949947,1204568,0,1,459,,,596,10933,1226,12159
262144,594626.834967480,1204566,1,0,520,,,860,10949,1552,12501
262144,594626.834979117,1204568,0,1,449,,,930,47672,1569,49241
262144,594626.834987375,1204566,1,0,515,,,822,11270,1504,12774
262144,594626.834999344,1204568,0,1,442,,,1050,27343,1671,29014
262144,594626.835007784,1204566,1,0,517,,,963,10912,1649,12561
262144,594626.835019457,1204568,0,1,536,,,1208,6975,1926,8901
262144,594626.835027445,1204566,1,0,408,,,970,11201,1705,12906
262144,594626.835050057,1204568,0,1,527,,,860,11360,1557,12917
262144,594626.835062160,1204566,1,0,425,,,929,48140,1548,49688
262144,594626.835070396,1204568,0,1,673,,,859,11107,1705,12812
262144,594626.835082382,1204566,1,0,437,,,976,27870,1596,29466
262144,594626.835090784,1204568,0,1,547,,,1076,11012,1793,12805
262144,594626.835102816,1204566,1,0,434,,,958,7461,1571,9032
262144,594626.835111001,1204568,0,1,510,,,782,10228,1463,11691
262144,594626.835128088,1204566,1,0,468,,,875,11569,1526,13095
262144,594626.835140354,1204568,0,1,406,,,880,47028,1536,48564
262144,594626.835148656,1204566,1,0,634,,,831,10336,1638,11974
262144,594626.835159848,1204568,0,1,412,,,1035,27436,1634,29070
262144,594626.835167200,1204566,1,0,457,,,895,11256,1527,12783
262144,594626.835179269,1204568,0,1,356,,,941,8174,1475,9649
262144,594626.835187936,1204566,1,0,596,,,888,10486,1677,12163
262144,594626.835209946,1204568,0,1,423,,,869,11158,1492,12650
262144,594626.835221781,1204566,1,0,408,,,886,47221,1477,48698
262144,594626.835229680,1204568,0,1,587,,,891,10754,1649,12403
262144,594626.835241233,1204566,1,0,396,,,816,27744,1502,29246
262144,594626.835249769,1204568,0,1,526,,,778,10634,1504,12138
262144,594626.835261187,1204566,1,0,388,,,863,7857,1435,9292
262144,594626.835269470,1204568,0,1,539,,,853,10417,1598,12015
262144,594626.835286763,1204566,1,0,425,,,918,11067,1520,12587
262144,594626.835298183,1204568,0,1,449,,,794,48231,1483,49714
262144,594626.835306336,1204566,1,0,554,,,926,10701,1652,12353
262144,594626.835317780,1204568,0,1,526,,,898,28504,1613,30117
262144,594626.835325993,1204566,1,0,548,,,865,11264,1616,12880
262144,594626.835337964,1204568,0,1,417,,,1030,8291,1642,9933
262144,594626.835346862,1204566,1,0,530,,,819,10981,1524,12505
262144,594626.835369292,1204568,0,1,572,,,880,11366,1626,12992
262144,594626.835381429,1204566,1,0,455,,,972,49330,1616,50946
262144,594626.835389656,1204568,0,1,542,,,877,11768,1596,13364
262144,594626.835401861,1204566,1,0,800,,,1196,28343,2171,30514
262144,594626.835410079,1204568,0,1,440,,,906,11913,1518,13431
262144,594626.835422453,1204566,1,0,617,,,1071,8034,1888,9922
262144,594626.835431322,1204568,0,1,620,,,916,11882,1719,13601
262144,594626.835450317,1204566,1,0,687,,,895,12312,1758,14070
262144,594626.835463191,1204568,0,1,695,,,1514,48412,2392,50804
262144,594626.835471005,1204566,1,0,1636,,,866,12073,2703,14776
262144,594626.835484894,1204568,0,1,471,,,1391,27053,2048,29101
262144,594626.835492732,1204566,1,0,385,,,960,11620,1621,13241
262144,594626.835504892,1204568,0,1,598,,,1401,6902,2201,9103
262144,594626.835513036,1204566,1,0,430,,,1631,10336,2225,12561
262144,594626.835531248,1204568,0,1,509,,,1499,11262,2190,13452
262144,594626.835543799,1204566,1,0,439,,,1478,47468,2197,49665
262144,594626.835551503,1204568,0,1,407,,,1531,10835,2136,12971
262144,594626.835563557,1204566,1,0,552,,,1303,27864,2043,29907
262144,594626.835571503,1204568,0,1,451,,,893,11766,1506,13272
262144,594626.835583676,1204566,1,0,484,,,820,8033,1755,9788
262144,594626.835592590,1204568,0,1,498,,,950,11290,1622,12912
262144,594626.835611119,1204566,1,0,535,,,1377,11507,2128,13635
262144,594626.835624003,1204568,0,1,402,,,1581,51135,2176,53311
262144,594626.835632629,1204566,1,0,425,,,974,12020,1590,13610
262144,594626.835645166,1204568,0,1,463,,,862,30543,1605,32148
262144,594626.835654013,1204566,1,0,547,,,901,12191,1673,13864
262144,594626.835667004,1204568,0,1,499,,,893,8726,1584,10310
262144,594626.835676306,1204566,1,0,522,,,1311,11132,2115,13247
262144,594626.835694712,1204568,0,1,404,,,1642,11818,2215,14033
262144,594626.835707580,1204566,1,0,636,,,4058,51701,5048,56749
262144,594626.835718428,1204568,0,1,564,,,1448,11760,2215,13975
262144,594626.835731313,1204566,1,0,501,,,832,31438,1578,33016
262144,594626.835740090,1204568,0,1,591,,,880,11708,1634,13342
262144,594626.835752518,1204566,1,0,451,,,944,10208,1603,11811
262144,594626.835763410,1204568,0,1,588,,,956,11105,1712,12817
262144,594626.835781876,1204566,1,0,597,,,850,12225,1673,13898
262144,594626.835794885,1204568,0,1,546,,,1056,48721,1782,50503
262144,594626.835803120,1204566,1,0,481,,,986,11781,1660,13441
262144,594626.835815779,1204568,0,1,382,,,963,28057,1552,29609
262144,594626.835824499,1204566,1,0,544,,,785,10926,1694,12620
262144,594626.835836183,1204568,0,1,510,,,812,7668,1537,9205
262144,594626.835844470,1204566,1,0,542,,,849,11317,1568,12885
262144,594626.835862292,1204568,0,1,529,,,857,15681,1552,17233
262144,594626.835878570,1204566,1,0,556,,,1093,48681,1870,50551
262144,594626.835887642,1204568,0,1,552,,,1026,11411,1753,13164
262144,594626.835899829,1204566,1,0,573,,,946,27562,1730,29292
262144,594626.835908454,1204568,0,1,561,,,1243,10821,1979,12800
262144,594626.835920399,1204566,1,0,453,,,1478,6582,2140,8722
262144,594626.835928307,1204568,0,1,446,,,986,11031,1625,12656
262144,594626.835946695,1204566,1,0,838,,,963,11797,1999,13796
262144,594626.835959639,1204568,0,1,443,,,782,49766,1439,51205
262144,594626.835968532,1204566,1,0,632,,,728,11534,1584,13118
262144,594626.835980778,1204568,0,1,443,,,1191,28245,1821,30066
262144,594626.835989194,1204566,1,0,469,,,857,11827,1517,13344
262144,594626.836001552,1204568,0,1,515,,,983,7583,1709,9292
262144,594626.836009958,1204566,1,0,506,,,981,11001,1654,12655
262144,594626.836027804,1204568,0,1,543,,,811,11352,1603,12955
262144,594626.836039706,1204566,1,0,661,,,917,46351,1797,48148
262144,594626.836047373,1204568,0,1,392,,,942,11148,1496,12644
262144,594626.836059040,1204566,1,0,477,,,758,27399,1415,28814
262144,594626.836066976,1204568,0,1,520,,,812,10912,1500,12412
262144,594626.836078469,1204566,1,0,466,,,939,7805,1580,9385
262144,594626.836086922,1204568,0,1,533,,,1162,10974,1855,12829
262144,594626.836104837,1204566,1,0,544,,,945,134206,1779,135985
262144,594626.836239930,1204568,0,1,433,,,967,46682,1636,48318
262144,594626.836247227,1204566,1,0,382,,,844,11021,1391,12412
262144,594626.836258710,1204568,0,1,495,,,1037,27820,1718,29538
262144,594626.836266356,1204566,1,0,402,,,878,11315,1443,12758
262144,594626.836278071,1204568,0,1,683,,,913,8403,1774,10177
262144,594626.836287133,1204566,1,0,692,,,1639,9808,2516,12324
262144,594626.836304340,1204568,0,1,,,734,302,9397,1332,10729
262144,594626.836314723,1204566,1,0,,,510,329,42026,1171,43197
262144,594626.836320993,1204568,0,1,173,741,843,565,9317,2322,11639
262144,594626.836332184,1204566,1,0,233,755,881,424,23443,2293,25736
262144,594626.836339425,1204568,0,1,188,709,651,444,9542,1992,11534
262144,594626.836350403,1204566,1,0,228,731,728,486,5344,2173,7517
262144,594626.836357522,1204568,0,1,160,730,660,372,8911,1922,10833
262144,594626.836373485,1204566,1,0,189,757,709,399,9858,2054,11912
262144,594626.836384789,1204568,0,1,348,733,716,391,41240,2188,43428
262144,594626.836391838,1204566,1,0,195,717,627,396,9478,1935,11413
262144,594626.836402682,1204568,0,1,223,775,675,611,23251,2284,25535
262144,594626.836409901,1204566,1,0,162,715,703,398,9291,1978,11269
262144,594626.836420730,1204568,0,1,186,730,626,527,5418,2069,7487
262144,594626.836427758,1204566,1,0,186,718,635,423,9197,1962,11159
262144,594626.836444034,1204568,0,1,196,725,1144,407,9504,2472,11976
262144,594626.836455501,1204566,1,0,205,736,880,361,41263,2182,43445
262144,594626.836462715,1204568,0,1,194,977,737,377,9554,2285,11839
262144,594626.836474092,1204566,1,0,178,739,652,439,22846,2008,24854
262144,594626.836480890,1204568,0,1,161,712,646,364,9456,1883,11339
262144,594626.836491711,1204566,1,0,269,741,645,377,5203,2032,7235
262144,594626.836498530,1204568,0,1,163,717,725,480,9324,2085,11409
262144,594626.836514941,1204566,1,0,227,707,637,430,9650,2001,11651
262144,594626.836526166,1204568,0,1,170,720,658,369,40812,1917,42729
262144,594626.836532910,1204566,1,0,170,723,737,383,9312,2013,11325
262144,594626.836543738,1204568,0,1,236,722,654,404,23141,2016,25157
262144,594626.836550757,1204566,1,0,177,715,635,349,9564,1876,11440
262144,594626.836561601,1204568,0,1,204,830,650,460,5150,2144,7294
262144,594626.836568464,1204566,1,0,174,718,720,386,8862,1998,10860
262144,594626.836584740,1204568,0,1,185,717,637,455,9551,1994,11545
262144,594626.836595806,1204566,1,0,188,751,635,398,40660,1972,42632
262144,594626.836602663,1204568,0,1,196,716,715,410,9206,2037,11243
262144,594626.836613448,1204566,1,0,198,815,683,456,22838,2152,24990
262144,594626.836620508,1204568,0,1,164,715,630,377,9267,1886,11153
262144,594626.836631223,1204566,1,0,188,711,709,378,5229,1986,7215
262144,594626.836638046,1204568,0,1,168,712,628,395,8891,1903,10794
262144,594626.836653756,1204566,1,0,192,714,643,439,9383,1988,11371
262144,594626.836664684,1204568,0,1,184,722,635,394,40885,1935,42820
262144,594626.836671383,1204566,1,0,172,740,645,555,9324,2112,11436
262144,594626.836682368,1204568,0,1,190,724,717,409,23096,2040,25136
262144,594626.836689341,1204566,1,0,278,717,695,363,9333,2053,11386
262144,594626.836700282,1204568,0,1,221,719,647,484,5151,2071,7222
262144,594626.836707050,1204566,1,0,177,757,692,358,8804,1984,10788
262144,594626.836722694,1204568,0,1,193,711,646,418,9448,1968,11416
262144,594626.836733645,1204566,1,0,210,721,735,461,41003,2127,43130
262144,594626.836740676,1204568,0,1,173,732,684,686,9389,2275,11664
262144,594626.836751862,1204566,1,0,199,724,665,393,22932,1981,24913
262144,594626.836758628,1204568,0,1,220,707,640,398,9486,1965,11451
262144,594626.836769666,1204566,1,0,181,712,623,393,5200,1909,7109
262144,594626.836776306,1204568,0,1,171,777,636,371,8951,1955,10906
262144,594626.836792059,1204566,1,0,186,734,625,408,9456,1953,11409
262144,594626.836802969,1204568,0,1,235,720,925,405,40687,2285,42972
262144,594626.836809975,1204566,1,0,177,718,673,353,9306,1921,11227
262144,594626.836820738,1204568,0,1,269,739,625,396,23174,2029,25203
262144,594626.836827486,1204566,1,0,215,760,634,391,9388,2000,11388
262144,594626.836838464,1204568,0,1,210,731,662,390,5484,1993,7477
262144,594626.836845371,1204566,1,0,203,715,637,356,8917,1911,10828
262144,594626.836861575,1204568,0,1,304,735,616,456,14197,2111,16308
262144,594626.836875469,1204566,1,0,1692,,,1366,41432,3563,44995
262144,594626.836883869,1204568,0,1,254,720,720,467,9636,2161,11797
262144,594626.836894954,1204566,1,0,198,910,673,428,23301,2209,25510
262144,594626.836901977,1204568,0,1,206,708,658,367,9688,1939,11627
262144,594626.836913151,1204566,1,0,199,730,652,439,5293,2020,7313
262144,594626.836919978,1204568,0,1,215,713,635,361,8974,1924,10898
262144,594626.836935765,1204566,1,0,206,716,742,493,9608,2157,11765
262144,594626.836946816,1204568,0,1,236,912,766,415,41149,2329,43478
262144,594626.836954136,1204566,1,0,169,705,661,357,9399,1892,11291
262144,594626.836964959,1204568,0,1,202,733,726,435,23239,2096,25335
262144,594626.836971793,1204566,1,0,175,720,651,357,9424,1903,11327
262144,594626.836982657,1204568,0,1,197,727,801,651,5261,2376,7637
262144,594626.836989805,1204566,1,0,179,723,635,355,9016,1892,10908
524288,594626.837009955,1204568,0,1,186,716,646,411,9626,1959,11585
524288,594626.837020967,1204566,1,0,306,726,811,401,202761,2244,205005
524288,594626.837028113,1204568,0,1,168,801,726,388,9414,2083,11497
524288,594626.837039112,1204566,1,0,202,728,698,376,184856,2004,186860
524288,594626.837046116,1204568,0,1,157,730,690,574,9285,2151,11436
524288,594626.837057154,1204566,1,0,198,729,693,393,166805,2013,168818
524288,594626.837063751,1204568,0,1,174,718,643,368,9284,1903,11187
524288,594626.837074540,1204566,1,0,191,713,646,399,149483,1949,151432
524288,594626.837087566,1204568,0,1,182,714,653,385,32576,1934,34510
524288,594626.837121607,1204566,1,0,212,726,641,395,102391,1974,104365
524288,594626.837135335,1204568,0,1,187,799,735,414,31903,2135,34038
524288,594626.837168899,1204566,1,0,224,736,734,458,54921,2152,57073
524288,594626.837182345,1204568,0,1,173,715,683,426,28922,1997,30919
524288,594626.837212663,1204566,1,0,289,933,763,402,10922,2387,13309
524288,594626.837225542,1204568,0,1,188,834,710,480,29248,2212,31460
524288,594626.837262523,1204566,1,0,651,,,1046,10582,1970,12552
524288,594626.837273866,1204568,0,1,716,,,1767,,2690,
524288,594626.837281916,1204566,1,0,774,,,855,13932,1794,15726
524288,594626.837295807,1204568,0,1,1164,,,1078,,2456,
524288,594626.837303521,1204566,1,0,652,,,880,10314,1703,12017
524288,594626.837314551,1204568,0,1,619,,,940,,1751,
524288,594626.837321528,1204566,1,0,511,,,488392,6623,489075,495698
524288,594626.837816053,1204568,0,1,519,,,2434,207782,3136,210918
524288,594626.837830379,1204566,1,0,642,,,1039,47828,1922,49750
524288,594626.837878862,1204568,0,1,601,,,1136,146138,1971,148109
524288,594626.837900314,1204566,1,0,3325,,,1378,56870,4939,61809
524288,594626.837959573,1204568,0,1,941,,,3007,63251,4147,67398
524288,594626.837976650,1204566,1,0,2485,,,2964,31365,5655,37020
524288,594626.838012694,1204568,0,1,592,,,1318,12168,2109,14277
524288,594626.838025469,1204566,1,0,676,,,1015,34870,1938,36808
524288,594626.838081695,1204568,0,1,347,892,989,591,12731,2819,15550
524288,594626.838095734,1204566,1,0,889,,,2862,126759,3978,130737
524288,594626.838105179,1204568,0,1,240,766,737,458,11202,2201,13403
524288,594626.838117536,1204566,1,0,471,,,1562,106587,2348,108935
524288,594626.838124865,1204568,0,1,218,766,707,397,10657,2088,12745
524288,594626.838136750,1204566,1,0,468,,,1976,87075,2646,89721
524288,594626.838144520,1204568,0,1,199,721,715,380,10505,2015,12520
524288,594626.838156501,1204566,1,0,251,887,897,628,67307,2663,69970
524288,594626.838164922,1204568,0,1,195,734,641,400,10722,1970,12692
524288,594626.838177069,1204566,1,0,249,750,711,447,47245,2157,49402
524288,594626.838185239,1204568,0,1,188,729,666,410,11158,1993,13151
524288,594626.838197813,1204566,1,0,268,809,725,546,26310,2348,28658
524288,594626.838205878,1204568,0,1,189,748,699,460,10774,2096,12870
524288,594626.838218262,1204566,1,0,266,756,704,604,5879,2330,8209
524288,594626.838226028,1204568,0,1,194,732,742,465,9915,2133,12048
524288,594626.838244141,1204566,1,0,194,754,649,441,10189,2038,12227
524288,594626.838255968,1204568,0,1,191,739,778,441,121457,2149,123606
524288,594626.838263582,1204566,1,0,193,737,647,377,10245,1954,12199
524288,594626.838275367,1204568,0,1,200,749,732,437,102089,2118,104207
524288,594626.838282760,1204566,1,0,201,740,913,375,10269,2229,12498
524288,594626.838294846,1204568,0,1,203,743,713,540,82529,2199,84728
524288,594626.838302427,1204566,1,0,188,740,648,361,10024,1937,11961
524288,594626.838313989,1204568,0,1,194,749,688,422,63532,2053,65585
524288,594626.838321100,1204566,1,0,200,738,634,361,10125,1933,12058
524288,594626.838332751,1204568,0,1,195,748,694,437,44749,2074,46823
524288,594626.838340384,1204566,1,0,193,732,648,362,10303,1935,12238
524288,594626.838352163,1204568,0,1,202,758,711,429,25311,2100,27411
524288,594626.838359460,1204566,1,0,193,737,644,391,10260,1965,12225
524288,594626.838371193,1204568,0,1,206,759,690,576,6150,2231,8381
524288,594626.838379135,1204566,1,0,201,728,642,401,9730,1972,11702
524288,594626.838405002,1204568,0,1,224,732,724,443,9712,2123,11835
524288,594626.838416314,1204566,1,0,210,745,700,360,112655,2015,114670
524288,594626.838423360,1204568,0,1,182,739,685,404,9588,2010,11598
524288,594626.838434485,1204566,1,0,218,728,682,352,94519,1980,96499
524288,594626.838441265,1204568,0,1,186,726,698,395,9603,2005,11608
524288,594626.838452386,1204566,1,0,228,772,622,399,76577,2021,78598
524288,594626.838459164,1204568,0,1,212,719,625,383,9314,1939,11253
524288,594626.838469995,1204566,1,0,206,712,615,376,59080,1909,60989
524288,594626.838476712,1204568,0,1,178,705,643,433,9101,1959,11060
524288,594626.838487332,1204566,1,0,211,742,663,403,41633,2019,43652
524288,594626.838494307,1204568,0,1,173,748,689,408,9733,2018,11751
524288,594626.838505618,1204566,1,0,213,750,655,517,23231,2135,25366
524288,594626.838512438,1204568,0,1,187,739,722,463,9569,2111,11680
524288,594626.838523694,1204566,1,0,203,734,630,368,5355,1935,7290
524288,594626.838530572,1204568,0,1,182,749,713,396,9292,2040,11332
524288,594626.838547613,1204566,1,0,229,733,652,444,10209,2058,12267
524288,594626.838559395,1204568,0,1,185,750,692,438,114595,2065,116660
524288,594626.838566906,1204566,1,0,178,733,655,348,10158,1914,12072
524288,594626.838578536,1204568,0,1,202,757,703,516,95341,2178,97519
524288,594626.838585907,1204566,1,0,182,735,637,375,10163,1929,12092
524288,594626.838597601,1204568,0,1,198,737,707,465,76347,2107,78454
524288,594626.838604972,1204566,1,0,397,738,645,456,9069,2236,11305
524288,594626.838615895,1204568,0,1,195,720,629,520,58096,2064,60160
524288,594626.838622649,1204566,1,0,172,703,629,359,9480,1863,11343
524288,594626.838633453,1204568,0,1,313,715,657,396,40521,2081,42602
524288,594626.838640516,1204566,1,0,182,706,634,397,9397,1919,11316
524288,594626.838651439,1204568,0,1,194,723,641,382,22676,1940,24616
524288,594626.838657926,1204566,1,0,175,716,634,361,9344,1886,11230
524288,594626.838668769,1204568,0,1,192,721,646,384,5343,1943,7286
524288,594626.838675658,1204566,1,0,176,719,641,472,9081,2008,11089
524288,594626.838700537,1204568,0,1,189,723,669,420,9488,2001,11489
524288,594626.838711482,1204566,1,0,192,724,668,407,111038,1991,113029
524288,594626.838718348,1204568,0,1,223,902,636,367,9335,2128,11463
524288,594626.838729364,1204566,1,0,187,751,649,343,93217,1930,95147
524288,594626.838735970,1204568,0,1,166,706,644,379,9211,1895,11106
524288,594626.838746681,1204566,1,0,195,725,628,393,75889,1941,77830
524288,594626.838753254,1204568,0,1,170,699,637,378,9676,1884,11560
524288,594626.838764028,1204566,1,0,215,1022,633,424,58189,2294,60483
524288,594626.838771261,1204568,0,1,497,,,1603,9311,2270,11581
524288,594626.838782453,1204566,1,0,181,739,674,398,40066,1992,42058
524288,594626.838789200,1204568,0,1,399,,,908,9468,1552,11020
524288,594626.838799797,1204566,1,0,210,724,650,397,22733,1981,24714
524288,594626.838806587,1204568,0,1,405,,,909,9589,1473,11062
524288,594626.838817182,1204566,1,0,216,739,676,374,5324,2005,7329
524288,594626.838823758,1204568,0,1,426,,,917,9037,1504,10541
524288,594626.838839444,1204566,1,0,194,728,649,373,9455,1944,11399
524288,594626.838850290,1204568,0,1,230,752,645,452,114610,2079,116689
524288,594626.838857125,1204566,1,0,301,717,814,358,9218,2190,11408
524288,594626.838868160,1204568,0,1,175,714,708,3552,93670,5149,98819
524288,594626.838878263,1204566,1,0,232,721,823,433,9414,2209,11623
524288,594626.838889398,1204568,0,1,247,737,680,406,75511,2070,77581
524288,594626.838895949,1204566,1,0,178,717,637,362,9130,1894,11024
524288,594626.838906544,1204568,0,1,189,724,648,414,58460,1975,60435
524288,594626.838913420,1204566,1,0,175,723,637,361,9272,1896,11168
524288,594626.838924149,1204568,0,1,195,731,668,411,40825,2005,42830
524288,594626.838931164,1204566,1,0,173,733,644,370,9440,1920,11360
524288,594626.838942117,1204568,0,1,192,713,681,383,22893,1969,24862
524288,594626.838948986,1204566,1,0,181,722,639,441,9339,1983,11322
524288,594626.838959895,1204568,0,1,172,734,725,384,5069,2015,7084
524288,594626.838966587,1204566,1,0,173,756,623,389,9120,1941,11061
524288,594626.838994046,1204568,0,1,189,719,680,414,9486,2002,11488
524288,594626.839005025,1204566,1,0,188,780,719,434,111235,2121,113356
524288,594626.839012195,1204568,0,1,167,723,655,361,9314,1906,11220
524288,594626.839022996,1204566,1,0,201,742,641,378,93423,1962,95385
524288,594626.839029650,1204568,0,1,165,730,646,360,9196,1901,11097
524288,594626.839040349,1204566,1,0,194,740,630,425,76043,1989,78032
524288,594626.839046993,1204568,0,1,178,713,643,395,9479,1929,11408
524288,594626.839057980,1204566,1,0,204,744,648,417,58388,2013,60401
524288,594626.839064744,1204568,0,1,167,735,686,381,9292,1969,11261
524288,594626.839075382,1204566,1,0,388,728,642,391,40850,2149,42999
524288,594626.839082445,1204568,0,1,161,718,696,365,9508,1940,11448
524288,594626.839093464,1204566,1,0,226,738,639,378,22936,1981,24917
524288,594626.839100174,1204568,0,1,170,719,633,380,9359,1902,11261
524288,594626.839110993,1204566,1,0,210,750,627,429,5372,2016,7388
524288,594626.839117998,1204568,0,1,160,727,641,362,8924,1890,10814
524288,594626.839133803,1204566,1,0,187,738,722,377,9280,2024,11304
524288,594626.839144656,1204568,0,1,173,728,664,371,110985,1936,112921
524288,594626.839151460,1204566,1,0,170,734,629,362,9362,1895,11257
524288,594626.839162312,1204568,0,1,196,724,690,406,93249,2016,95265
524288,594626.839169312,1204566,1,0,172,724,642,382,9297,1920,11217
524288,594626.839180122,1204568,0,1,203,725,640,386,75501,1954,77455
524288,594626.839186711,1204566,1,0,176,729,799,355,9109,2059,11168
524288,594626.839197493,1204568,0,1,195,721,659,416,58093,1991,60084
524288,594626.839204303,1204566,1,0,177,738,652,370,9214,1937,11151
524288,594626.839215028,1204568,0,1,211,731,638,383,40586,1963,42549
524288,594626.839221638,1204566,1,0,171,727,624,360,9288,1882,11170
524288,594626.839232401,1204568,0,1,178,724,662,416,23196,1980,25176
524288,594626.839239367,1204566,1,0,186,729,648,445,9431,2008,11439
524288,594626.839250411,1204568,0,1,198,721,636,415,5196,1970,7166
524288,594626.839257188,1204566,1,0,173,714,630,376,8857,1893,10750
524288,594626.839281795,1204568,0,1,198,732,690,405,9753,2025,11778
524288,594626.839292871,1204566,1,0,203,932,653,393,110447,2181,112628
524288,594626.839299786,1204568,0,1,174,714,639,360,9312,1887,11199
524288,594626.839310549,1204566,1,0,189,735,738,487,92801,2149,94950
524288,594626.839317451,1204568,0,1,194,735,658,358,9231,1945,11176
524288,594626.839328196,1204566,1,0,185,728,630,398,75362,1941,77303
524288,594626.839334768,1204568,0,1,169,741,736,359,9230,2005,11235
524288,594626.839345626,1204566,1,0,189,727,620,374,57963,1910,59873
524288,594626.839352266,1204568,0,1,179,718,690,398,9079,1985,11064
524288,594626.839362887,1204566,1,0,215,730,637,415,40615,1997,42612
524288,594626.839369642,1204568,0,1,295,724,880,391,9417,2290,11707
524288,594626.839380922,1204566,1,0,202,732,668,388,22587,1990,24577
524288,594626.839387497,1204568,0,1,200,719,646,376,9426,1941,11367
524288,594626.839398464,1204566,1,0,182,735,626,361,5131,1904,7035
524288,594626.839405131,1204568,0,1,166,715,666,388,8809,1935,10744
524288,594626.839420551,1204566,1,0,193,722,642,371,9335,1928,11263
524288,594626.839431381,1204568,0,1,190,726,644,443,110332,2003,112335
524288,594626.839438116,1204566,1,0,203,701,639,376,9399,1919,11318
524288,594626.839448937,1204568,0,1,190,763,627,387,92812,1967,94779
524288,594626.839455628,1204566,1,0,241,776,636,360,9378,2013,11391
524288,594626.839466583,1204568,0,1,190,732,624,386,75201,1932,77133
524288,594626.839473204,1204566,1,0,165,712,631,373,9181,1881,11062
524288,594626.839483875,1204568,0,1,185,729,647,376,57904,1937,59841
524288,594626.839490620,1204566,1,0,164,716,635,355,9230,1870,11100
524288,594626.839501319,1204568,0,1,195,738,636,387,40441,1956,42397
524288,594626.839507981,1204566,1,0,173,705,648,377,9347,1903,11250
524288,594626.839518829,1204568,0,1,209,725,678,379,22896,1991,24887
524288,594626.839525676,1204566,1,0,171,718,638,378,9334,1905,11239
524288,594626.839536492,1204568,0,1,198,739,619,439,5229,1995,7224
524288,594626.839543324,1204566,1,0,166,720,670,381,8994,1937,10931
524288,594626.839559225,1204568,0,1,180,730,643,402,9535,1955,11490
524288,594626.839570250,1204566,1,0,199,728,644,397,110832,1968,112800
524288,594626.839577007,1204568,0,1,170,711,758,533,9236,2172,11408
524288,594626.839588035,1204566,1,0,176,738,641,410,93050,1965,95015
524288,594626.839594918,1204568,0,1,169,727,634,361,9339,1891,11230
524288,594626.839605712,1204566,1,0,191,714,629,370,75434,1904,77338
524288,594626.839612387,1204568,0,1,200,725,674,346,9406,1945,11351
524288,594626.839623274,1204566,1,0,185,742,616,394,57839,1937,59776
524288,594626.839630294,1204568,0,1,175,716,653,385,9087,1929,11016
524288,594626.839640927,1204566,1,0,189,720,643,364,40207,1916,42123
524288,594626.839647469,1204568,0,1,172,731,626,395,9334,1924,11258
524288,594626.839658332,1204566,1,0,195,729,645,386,22763,1955,24718
524288,594626.839665042,1204568,0,1,186,719,648,369,9408,1922,11330
524288,594626.839675921,1204566,1,0,206,735,628,412,5148,1981,7129
524288,594626.839682630,1204568,0,1,184,721,662,362,8989,1929,10918
524288,594626.839698459,1204566,1,0,197,715,639,361,9465,1912,11377
524288,594626.839709356,1204568,0,1,187,726,862,421,119880,2196,122076
524288,594626.839717006,1204566,1,0,218,744,642,402,10135,2006,12141
524288,594626.839728745,1204568,0,1,190,748,721,440,100588,2099,102687
524288,594626.839735987,1204566,1,0,212,761,633,365,10174,1971,12145
524288,594626.839747704,1204568,0,1,218,755,728,451,81576,2152,83728
524288,594626.839755084,1204566,1,0,178,745,640,399,9994,1962,11956
524288,594626.839766621,1204568,0,1,219,737,700,424,62731,2080,64811
524288,594626.839773900,1204566,1,0,190,746,637,363,10292,1936,12228
524288,594626.839785585,1204568,0,1,327,746,805,544,43425,2422,45847
524288,594626.839793174,1204566,1,0,200,730,641,360,10194,1931,12125
524288,594626.839804820,1204568,0,1,273,746,692,422,24479,2133,26612
524288,594626.839811930,1204566,1,0,210,767,637,420,10130,2034,12164
524288,594626.839823696,1204568,0,1,198,763,715,405,5655,2081,7736
524288,594626.839831017,1204566,1,0,189,731,644,378,9660,1942,11602
524288,594626.839847642,1204568,0,1,183,753,760,429,9714,2125,11839
524288,594626.839858931,1204566,1,0,227,750,656,366,115806,1999,117805
524288,594626.839865745,1204568,0,1,181,743,717,394,12121,2035,14156
524288,594626.839879366,1204566,1,0,268,742,800,543,95017,2353,97370
524288,594626.839886468,1204568,0,1,203,750,770,393,9634,2116,11750
524288,594626.839897780,1204566,1,0,188,755,671,388,76954,2002,78956
524288,594626.839904630,1204568,0,1,179,755,708,411,9613,2053,11666
524288,594626.839915852,1204566,1,0,233,745,681,496,58729,2155,60884
524288,594626.839923075,1204568,0,1,179,752,686,410,9284,2027,11311
524288,594626.839933938,1204566,1,0,225,752,641,380,40800,1998,42798
524288,594626.839940603,1204568,0,1,194,750,730,457,9320,2131,11451
524288,594626.839951635,1204566,1,0,200,732,647,375,23147,1954,25101
524288,594626.839958501,1204568,0,1,160,723,651,404,9535,1938,11473
524288,594626.839969590,1204566,1,0,190,728,629,369,5230,1916,7146
524288,594626.839976346,1204568,0,1,171,722,622,383,8956,1898,10854
524288,594626.839991989,1204566,1,0,200,732,627,434,9440,1993,11433
524288,594626.840002998,1204568,0,1,185,722,658,375,110531,1940,112471
524288,594626.840009908,1204566,1,0,175,735,651,364,9239,1925,11164
524288,594626.840020636,1204568,0,1,191,720,641,413,92868,1965,94833
524288,594626.840027340,1204566,1,0,175,745,622,371,9399,1913,11312
524288,594626.840038192,1204568,0,1,203,726,662,389,75297,1980,77277
524288,594626.840045003,1204566,1,0,175,729,636,388,9248,1928,11176
524288,594626.840055789,1204568,0,1,192,724,630,425,57709,1971,59680
524288,594626.840062359,1204566,1,0,165,726,632,376,9182,1899,11081
524288,594626.840073071,1204568,0,1,184,711,657,420,40426,1972,42398
524288,594626.840079986,1204566,1,0,174,759,634,366,9433,1933,11366
524288,594626.840090889,1204568,0,1,195,737,628,400,22620,1960,24580
524288,594626.840097389,1204566,1,0,171,720,629,380,9313,1900,11213
524288,594626.840108200,1204568,0,1,194,742,653,396,5284,1985,7269
524288,594626.840115023,1204566,1,0,187,712,650,355,8807,1904,10711
524288,594626.840130543,1204568,0,1,198,860,660,431,9403,2149,11552
524288,594626.840141626,1204566,1,0,190,720,721,370,111053,2001,113054
524288,594626.840148447,1204568,0,1,175,713,649,384,9389,1921,11310
524288,594626.840159375,1204566,1,0,187,733,633,389,93363,1942,95305
524288,594626.840166343,1204568,0,1,165,715,628,390,9523,1898,11421
524288,594626.840177110,1204566,1,0,402,731,620,378,75439,2131,77570
524288,594626.840183915,1204568,0,1,185,722,633,397,9398,1937,11335
524288,594626.840194730,1204566,1,0,210,730,648,372,57990,1960,59950
524288,594626.840201589,1204568,0,1,181,725,646,352,9125,1904,11029
524288,594626.840212128,1204566,1,0,212,757,629,360,40594,1958,42552
524288,594626.840218820,1204568,0,1,174,720,662,379,9411,1935,11346
524288,594626.840229719,1204566,1,0,211,730,648,370,23002,1959,24961
524288,594626.840236628,1204568,0,1,183,712,649,417,9379,1961,11340
524288,594626.840247559,1204566,1,0,198,733,615,405,5170,1951,7121
524288,594626.840254306,1204568,0,1,166,727,659,366,8882,1918,10800
524288,594626.840269851,1204566,1,0,185,722,643,397,9415,1947,11362
524288,594626.840280756,1204568,0,1,209,724,643,356,110764,1932,112696
524288,594626.840287647,1204566,1,0,168,727,638,373,9279,1906,11185
524288,594626.840298390,1204568,0,1,200,720,706,371,93065,1997,95062
524288,594626.840305128,1204566,1,0,165,730,633,368,9357,1896,11253
524288,594626.840315930,1204568,0,1,194,729,691,448,75460,2062,77522
524288,594626.840322877,1204566,1,0,171,742,624,378,9197,1915,11112
524288,594626.840333575,1204568,0,1,182,722,638,385,57950,1927,59877
524288,594626.840340064,1204566,1,0,161,717,632,365,9304,1875,11179
524288,594626.840350837,1204568,0,1,184,747,657,406,40621,1994,42615
524288,594626.840357814,1204566,1,0,173,725,638,367,9456,1903,11359
524288,594626.840368581,1204568,0,1,264,848,656,401,22702,2169,24871
524288,594626.840375313,1204566,1,0,186,722,621,398,9379,1927,11306
524288,594626.840386216,1204568,0,1,204,752,647,399,5234,2002,7236
524288,594626.840393057,1204566,1,0,177,723,665,362,8801,1927,10728
524288,594626.840408545,1204568,0,1,187,716,730,419,9452,2052,11504
524288,594626.840419510,1204566,1,0,193,729,621,396,110931,1939,112870
524288,594626.840426386,1204568,0,1,183,713,655,484,9355,2035,11390
524288,594626.840437369,1204566,1,0,197,734,661,409,93010,2001,95011
524288,594626.840444152,1204568,0,1,170,716,625,358,9149,1869,11018
524288,594626.840454732,1204566,1,0,200,722,927,380,75419,2229,77648
524288,594626.840461564,1204568,0,1,186,713,634,375,9317,1908,11225
524288,594626.840472323,1204566,1,0,200,749,636,357,58115,1942,60057
524288,594626.840479072,1204568,0,1,172,736,668,399,8996,1975,10971
524288,594626.840489616,1204566,1,0,206,737,672,398,40751,2013,42764
524288,594626.840496477,1204568,0,1,186,720,660,403,9305,1969,11274
524288,594626.840507309,1204566,1,0,200,741,630,428,23072,1999,25071
524288,594626.840514239,1204568,0,1,407,718,621,394,9419,2140,11559
524288,594626.840525381,1204566,1,0,201,726,645,358,5069,1930,6999
524288,594626.840531976,1204568,0,1,175,722,650,354,8821,1901,10722
524288,594626.840547636,1204566,1,0,197,723,663,421,9449,2004,11453
524288,594626.840558576,1204568,0,1,181,735,647,370,111049,1933,112982
524288,594626.840565201,1204566,1,0,165,718,635,394,9330,1912,11242
524288,594626.840575947,1204568,0,1,210,807,751,374,93469,2142,95611
524288,594626.840582805,1204566,1,0,173,730,630,362,9304,1895,11199
524288,594626.840593600,1204568,0,1,199,741,678,400,75940,2018,77958
524288,594626.840600271,1204566,1,0,180,759,634,359,9135,1932,11067
524288,594626.840610924,1204568,0,1,201,723,637,391,58682,1952,60634
524288,594626.840617643,1204566,1,0,177,745,626,364,9218,1912,11130
524288,594626.840628378,1204568,0,1,185,735,655,442,41163,2017,43180
524288,594626.840635250,1204566,1,0,192,714,637,391,9594,1934,11528
524288,594626.840646363,1204568,0,1,194,737,628,452,23184,2011,25195
524288,594626.840653068,1204566,1,0,170,720,700,551,9261,2141,11402
524288,594626.840664074,1204568,0,1,201,732,665,384,5502,1982,7484
524288,594626.840671110,1204566,1,0,195,714,638,356,8949,1903,10852
524288,594626.840686685,1204568,0,1,193,717,644,561,9485,2115,11600
524288,594626.840697845,1204566,1,0,192,737,683,352,110539,1964,112503
524288,594626.840704668,1204568,0,1,170,710,648,356,9324,1884,11208
524288,594626.840715466,1204566,1,0,189,732,638,362,92961,1921,94882
524288,594626.840722166,1204568,0,1,167,712,637,412,9332,1928,11260
524288,594626.840733019,1204566,1,0,202,729,623,387,75388,1941,77329
524288,594626.840739711,1204568,0,1,187,717,635,408,9480,1947,11427
524288,594626.840750626,1204566,1,0,206,740,651,381,57744,1978,59722
524288,594626.840757352,1204568,0,1,175,709,655,367,9136,1906,11042
524288,594626.840767911,1204566,1,0,215,737,664,399,40422,2015,42437
524288,594626.840774767,1204568,0,1,168,719,646,366,9380,1899,11279
524288,594626.840785642,1204566,1,0,204,742,656,360,22744,1962,24706
524288,594626.840792254,1204568,0,1,187,714,670,376,9347,1947,11294
524288,594626.840803136,1204566,1,0,196,737,622,438,5219,1993,7212
524288,594626.840809965,1204568,0,1,170,715,651,355,9004,1891,10895
524288,594626.840825718,1204566,1,0,177,722,643,387,9304,1929,11233
524288,594626.840836511,1204568,0,1,184,731,634,376,112546,1925,114471
524288,594626.840843097,1204566,1,0,174,719,643,352,9309,1888,11197
524288,594626.840853839,1204568,0,1,179,728,644,382,95210,1933,97143
524288,594626.840860706,1204566,1,0,169,715,668,718,10562,2270,12832
524288,594626.840873020,1204568,0,1,226,,,637,76062,1900,77962
524288,594626.840879396,1204566,1,0,215,714,705,467,9213,2101,11314
524288,594626.840890228,1204568,0,1,256,733,836,671,58258,2496,60754
524288,594626.840897671,1204566,1,0,259,711,683,476,9367,2129,11496
524288,594626.840908699,1204568,0,1,205,736,631,380,40331,1952,42283
524288,594626.840915369,1204566,1,0,174,718,632,394,9464,1918,11382
524288,594626.840926351,1204568,0,1,201,729,695,594,22412,2219,24631
524288,594626.840933181,1204566,1,0,177,715,624,364,9310,1880,11190
524288,594626.840943971,1204568,0,1,200,729,637,378,5067,1944,7011
524288,594626.840950572,1204566,1,0,169,735,632,362,8852,1898,10750
524288,594626.840966101,1204568,0,1,194,734,658,421,9603,2007,11610
524288,594626.840977136,1204566,1,0,192,826,671,360,110305,2049,112354
524288,594626.840984238,1204568,0,1,170,743,638,362,9272,1913,11185
524288,594626.840995029,1204566,1,0,191,747,669,363,92491,1970,94461
524288,594626.841001678,1204568,0,1,172,725,662,356,9307,1915,11222
524288,594626.841012440,1204566,1,0,200,727,633,407,75083,1967,77050
524288,594626.841019242,1204568,0,1,187,724,628,405,9438,1944,11382
524288,594626.841030095,1204566,1,0,227,721,623,370,57454,1941,59395
524288,594626.841036747,1204568,0,1,163,713,678,413,8996,1967,10963
524288,594626.841047301,1204566,1,0,198,740,643,396,40212,1977,42189
524288,594626.841054154,1204568,0,1,151,721,640,355,9349,1867,11216
524288,594626.841064937,1204566,1,0,189,740,609,355,22660,1893,24553
524288,594626.841071576,1204568,0,1,188,722,620,382,9426,1912,11338
524288,594626.841082430,1204566,1,0,197,733,617,357,5156,1904,7060
524288,594626.841089118,1204568,0,1,153,735,652,386,8925,1926,10851
524288,594626.841104934,1204566,1,0,183,723,657,394,9282,1957,11239
524288,594626.841115733,1204568,0,1,196,714,644,360,110630,1914,112544
524288,594626.841122412,1204566,1,0,177,734,646,373,9331,1930,11261
524288,594626.841133260,1204568,0,1,202,734,672,393,93016,2001,95017
524288,594626.841140139,1204566,1,0,172,728,631,352,9238,1883,11121
524288,594626.841150856,1204568,0,1,199,731,652,428,75411,2010,77421
524288,594626.841157599,1204566,1,0,183,721,635,369,9270,1908,11178
524288,594626.841168330,1204568,0,1,204,730,623,375,58015,1932,59947
524288,594626.841175112,1204566,1,0,175,715,636,351,9235,1877,11112
524288,594626.841185813,1204568,0,1,195,730,633,381,40525,1939,42464
524288,594626.841192639,1204566,1,0,166,720,636,356,9510,1878,11388
524288,594626.841203633,1204568,0,1,184,714,654,396,22696,1948,24644
524288,594626.841210292,1204566,1,0,202,725,625,353,9423,1905,11328
524288,594626.841221202,1204568,0,1,207,731,631,373,5133,1942,7075
524288,594626.841227845,1204566,1,0,205,709,643,403,8750,1960,10710
524288,594626.841243378,1204568,0,1,200,724,653,445,9730,2022,11752
524288,594626.841254653,1204566,1,0,198,737,695,376,110734,2006,112740
524288,594626.841261523,1204568,0,1,187,725,671,375,9341,1958,11299
524288,594626.841272411,1204566,1,0,203,741,637,387,93014,1968,94982
524288,594626.841279113,1204568,0,1,169,709,640,374,9216,1892,11108
524288,594626.841289841,1204566,1,0,183,728,633,361,75647,1905,77552
524288,594626.841296455,1204568,0,1,395,711,619,401,9266,2126,11392
524288,594626.841307465,1204566,1,0,194,729,644,576,57785,2143,59928
524288,594626.841314272,1204568,0,1,185,730,628,371,8991,1914,10905
524288,594626.841324788,1204566,1,0,200,723,643,398,40641,1964,42605
524288,594626.841331717,1204568,0,1,167,708,647,397,9400,1919,11319
524288,594626.841342629,1204566,1,0,204,732,632,386,22810,1954,24764
524288,594626.841349345,1204568,0,1,173,714,635,378,9412,1900,11312
524288,594626.841360172,1204566,1,0,208,745,624,391,5253,1968,7221
524288,594626.841366997,1204568,0,1,174,722,634,378,8919,1908,10827
524288,594626.841382612,1204566,1,0,186,905,653,375,9381,2119,11500
524288,594626.841393719,1204568,0,1,192,714,668,375,110938,1949,112887
524288,594626.841400593,1204566,1,0,166,724,627,362,9436,1879,11315
524288,594626.841411475,1204568,0,1,189,711,651,381,93199,1932,95131
524288,594626.841418318,1204566,1,0,170,721,666,358,9348,1915,11263
524288,594626.841429163,1204568,0,1,210,729,632,450,75422,2021,77443
524288,594626.841435918,1204566,1,0,193,733,640,355,9423,1921,11344
524288,594626.841446650,1204568,0,1,255,877,660,414,57750,2206,59956
524288,594626.841453559,1204566,1,0,184,721,634,368,9243,1907,11150
524288,594626.841464327,1204568,0,1,180,732,628,388,40351,1928,42279
524288,594626.841470968,1204566,1,0,174,731,647,361,9384,1913,11297
524288,594626.841481807,1204568,0,1,190,725,638,369,22877,1922,24799
524288,594626.841488608,1204566,1,0,168,732,631,366,9417,1897,11314
524288,594626.841499507,1204568,0,1,200,728,650,419,5102,1997,7099
524288,594626.841506176,1204566,1,0,188,741,613,416,8852,1958,10810
524288,594626.841521825,1204568,0,1,189,721,659,411,9427,1980,11407
524288,594626.841532817,1204566,1,0,195,742,650,356,110423,1943,112366
524288,594626.841539673,1204568,0,1,171,723,637,354,9216,1885,11101
524288,594626.841550365,1204566,1,0,184,733,639,407,92855,1963,94818
524288,594626.841557011,1204568,0,1,173,712,656,360,9229,1901,11130
524288,594626.841567736,1204566,1,0,196,738,648,371,75494,1953,77447
524288,594626.841574442,1204568,0,1,177,712,641,379,9423,1909,11332
524288,594626.841585299,1204566,1,0,182,733,632,386,57951,1933,59884
524288,594626.841592226,1204568,0,1,176,718,650,362,9015,1906,10921
524288,594626.841602741,1204566,1,0,197,727,678,372,40468,1974,42442
524288,594626.841609488,1204568,0,1,172,716,643,358,9443,1889,11332
524288,594626.841620354,1204566,1,0,201,777,718,362,22771,2058,24829
524288,594626.841627197,1204568,0,1,177,718,652,385,9385,1932,11317
524288,594626.841638110,1204566,1,0,206,735,614,359,5159,1914,7073
524288,594626.841644700,1204568,0,1,177,822,660,357,8971,2016,10987
524288,594626.841660460,1204566,1,0,191,724,650,374,9315,1939,11254
524288,594626.841671276,1204568,0,1,186,730,639,388,112041,1943,113984
524288,594626.841678184,1204566,1,0,176,725,638,387,9409,1926,11335
524288,594626.841689117,1204568,0,1,188,742,657,406,94150,1993,96143
524288,594626.841695967,1204566,1,0,180,720,631,380,9476,1911,11387
524288,594626.841706885,1204568,0,1,201,730,706,780,75958,2417,78375
524288,594626.841714026,1204566,1,0,178,736,637,418,9266,1969,11235
524288,594626.841724832,1204568,0,1,192,735,650,458,58393,2035,60428
524288,594626.841731728,1204566,1,0,180,734,722,548,9245,2184,11429
524288,594626.841742771,1204568,0,1,184,716,632,420,40537,1952,42489
524288,594626.841749516,1204566,1,0,175,717,617,367,9460,1876,11336
524288,594626.841760416,1204568,0,1,181,716,624,404,22919,1925,24844
524288,594626.841766809,1204566,1,0,453,716,635,369,9346,2173,11519
524288,594626.841777948,1204568,0,1,183,721,649,446,5313,1999,7312
524288,594626.841784849,1204566,1,0,186,720,669,376,8907,1951,10858
524288,594626.841800710,1204568,0,1,184,730,654,400,9493,1968,11461
524288,594626.841811686,1204566,1,0,207,725,625,355,119948,1912,121860
524288,594626.841818421,1204568,0,1,183,708,657,365,9363,1913,11276
524288,594626.841829272,1204566,1,0,185,769,639,379,102302,1972,104274
524288,594626.841836211,1204568,0,1,178,719,642,364,9487,1903,11390
524288,594626.841847200,1204566,1,0,195,742,639,393,84377,1969,86346
524288,594626.841853705,1204568,0,1,181,720,637,397,9300,1935,11235
524288,594626.841864520,1204566,1,0,203,741,632,376,67074,1952,69026
524288,594626.841880497,1204568,0,1,186,721,724,393,8633,2024,10657
524288,594626.841890732,1204566,1,0,190,730,680,419,40795,2019,42814
524288,594626.841897483,1204568,0,1,171,721,705,350,9541,1947,11488
524288,594626.841908416,1204566,1,0,335,732,713,725,22625,2505,25130
524288,594626.841915602,1204568,0,1,170,705,630,360,9282,1865,11147
524288,594626.841926340,1204566,1,0,208,729,643,466,5160,2046,7206
524288,594626.841933149,1204568,0,1,180,718,650,402,9005,1950,10955
524288,594626.841948922,1204566,1,0,178,730,649,387,9473,1944,11417
524288,594626.841959838,1204568,0,1,250,709,640,418,111360,2017,113377
524288,594626.841966823,1204566,1,0,180,728,624,364,9392,1896,11288
524288,594626.841977631,1204568,0,1,242,723,650,381,93588,1996,95584
524288,594626.841984330,1204566,1,0,201,729,633,379,9390,1942,11332
524288,594626.841995257,1204568,0,1,197,716,791,408,75846,2112,77958
524288,594626.842002079,1204566,1,0,183,720,633,369,9240,1905,11145
524288,594626.842012831,1204568,0,1,196,721,662,386,58419,1965,60384
524288,594626.842019543,1204566,1,0,172,966,635,381,9412,2154,11566
524288,594626.842030718,1204568,0,1,194,726,709,400,40468,2029,42497
524288,594626.842037443,1204566,1,0,178,737,627,423,9418,1965,11383
524288,594626.842048430,1204568,0,1,191,720,700,378,22796,1989,24785
524288,594626.842055330,1204566,1,0,166,744,639,361,9294,1910,11204
524288,594626.842066150,1204568,0,1,185,718,663,376,5123,1942,7065
524288,594626.842072801,1204566,1,0,165,730,628,350,8924,1873,10797
524288,594626.842169794,1204566,1,0,190,754,725,387,,2056,
